;0;200;400;600;800;1000
800,35;98,24;96,44;97,60;96,61;97,20;95,77
802,28;98,16;96,40;97,60;96,57;97,20;95,79
804,21;98,05;96,36;97,60;96,60;97,30;95,81
806,13;97,98;96,34;97,60;96,68;97,30;95,85
808,06;97,99;96,39;97,70;96,82;97,40;95,96
809,99;98,02;96,42;97,80;96,90;97,50;96,02
811,92;98,02;96,38;97,80;96,86;97,50;96,02
813,85;98,03;96,39;97,80;96,87;97,60;96,09
815,78;98,19;96,40;97,90;96,95;97,60;96,16
817,70;98,38;96,42;97,90;97,00;97,70;96,19
819,63;98,45;96,55;98,00;97,14;97,70;96,26
821,56;98,49;96,73;98,10;97,34;97,90;96,37
823,49;98,53;96,83;98,10;97,48;98,00;96,47
825,42;98,55;96,84;98,10;97,54;98,00;96,52
827,35;98,54;96,84;98,10;97,60;97,90;96,50
829,28;98,60;96,83;98,10;97,62;97,80;96,45
831,20;98,61;96,78;98,20;97,52;97,80;96,39
833,13;98,48;96,71;98,20;97,36;97,70;96,33
835,06;98,35;96,61;98,20;97,26;97,60;96,29
836,99;98,29;96,56;98,20;97,23;97,60;96,34
838,92;98,26;96,55;98,30;97,22;97,70;96,38
840,85;98,24;96,51;98,30;97,22;97,60;96,37
842,78;98,27;96,49;98,40;97,28;97,70;96,38
844,70;98,30;96,49;98,40;97,35;97,70;96,40
846,63;98,40;96,48;98,50;97,43;97,80;96,45
848,56;98,52;96,44;98,50;97,49;97,90;96,44
850,49;98,64;96,42;98,50;97,54;97,90;96,42
852,42;98,78;96,43;98,40;97,60;97,90;96,48
854,35;98,84;96,42;98,40;97,68;97,90;96,60
856,28;98,74;96,42;98,40;97,70;98,00;96,64
858,20;98,58;96,42;98,30;97,73;98,00;96,67
860,13;98,43;96,35;98,30;97,75;98,10;96,73
862,06;98,27;96,24;98,20;97,68;98,00;96,75
863,99;98,13;96,09;98,00;97,59;97,90;96,71
865,92;98,02;95,93;97,90;97,45;97,70;96,63
867,85;97,95;95,83;97,80;97,29;97,60;96,57
869,78;97,87;95,78;97,70;97,13;97,50;96,51
871,70;97,80;95,73;97,50;97,00;97,40;96,43
873,63;97,83;95,71;97,40;96,91;97,30;96,37
875,56;97,89;95,77;97,50;96,86;97,30;96,37
877,49;97,93;95,86;97,60;96,87;97,40;96,40
879,42;97,97;95,94;97,80;96,89;97,50;96,42
881,35;97,99;95,98;97,80;96,88;97,50;96,39
883,28;97,96;95,97;97,90;96,85;97,60;96,33
885,20;97,99;95,99;98,00;96,85;97,70;96,29
887,13;97,99;96,11;98,20;96,92;97,80;96,28
889,06;97,93;96,22;98,30;96,97;97,80;96,24
890,99;97,89;96,24;98,40;96,96;97,80;96,21
892,92;97,80;96,21;98,40;96,97;97,90;96,22
894,85;97,75;96,16;98,50;96,96;97,90;96,18
896,78;97,77;96,09;98,50;96,88;97,90;96,14
898,70;97,84;95,98;98,40;96,79;97,80;96,06
900,63;97,91;95,86;98,30;96,67;97,70;95,97
902,56;97,96;95,71;98,10;96,56;97,50;95,89
904,49;98,05;95,58;97,90;96,48;97,40;95,80
906,42;98,10;95,56;97,80;96,49;97,30;95,78
908,35;98,16;95,60;97,70;96,57;97,30;95,82
910,28;98,24;95,60;97,60;96,61;97,20;95,83
912,20;98,39;95,59;97,50;96,59;97,20;95,84
914,13;98,51;95,59;97,40;96,55;97,10;95,85
916,06;98,61;95,54;97,30;96,50;97,00;95,82
917,99;98,62;95,48;97,20;96,43;96,90;95,78
919,92;98,54;95,42;97,20;96,36;96,80;95,70
921,85;98,47;95,34;97,10;96,31;96,70;95,56
923,78;98,48;95,30;97,20;96,35;96,70;95,46
925,70;98,45;95,35;97,30;96,44;96,80;95,44
927,63;98,43;95,32;97,30;96,47;96,80;95,36
929,56;98,43;95,24;97,30;96,44;96,80;95,27
931,49;98,37;95,16;97,40;96,37;96,80;95,18
933,42;98,33;95,10;97,40;96,31;96,80;95,10
935,35;98,31;95,06;97,30;96,22;96,90;95,04
937,27;98,28;95,04;97,30;96,12;96,90;94,97
939,20;98,26;95,04;97,30;96,05;96,90;94,94
941,13;98,25;95,02;97,30;96,05;96,90;94,92
943,06;98,22;95,03;97,30;96,11;96,90;94,93
944,99;98,19;95,07;97,30;96,14;97,00;94,99
946,92;98,16;95,12;97,20;96,15;97,10;95,00
948,85;98,17;95,13;97,10;96,13;97,10;94,95
950,77;98,23;95,12;97,00;96,04;97,00;94,90
952,70;98,22;95,07;96,80;95,96;96,90;94,84
954,63;98,18;95,05;96,70;95,95;96,90;94,81
956,56;98,13;95,06;96,60;95,97;96,80;94,80
958,49;98,05;95,05;96,60;95,96;96,70;94,73
960,42;98,00;94,98;96,70;95,99;96,70;94,65
962,35;97,90;94,92;96,70;96,06;96,70;94,62
964,27;97,77;94,90;96,70;96,11;96,80;94,61
966,20;97,69;94,81;96,60;96,07;96,70;94,52
968,13;97,64;94,67;96,50;95,95;96,50;94,38
970,06;97,59;94,57;96,40;95,87;96,40;94,34
971,99;97,55;94,55;96,30;95,84;96,30;94,36
973,92;97,56;94,57;96,30;95,80;96,30;94,39
975,85;97,64;94,57;96,30;95,73;96,30;94,40
977,77;97,75;94,56;96,30;95,65;96,20;94,39
979,70;97,77;94,58;96,30;95,59;96,20;94,37
981,63;97,75;94,51;96,20;95,51;96,30;94,30
983,56;97,75;94,38;96,10;95,34;96,30;94,17
985,49;97,74;94,31;96,10;95,23;96,20;94,06
987,42;97,70;94,24;96,10;95,13;96,20;93,97
989,35;97,66;94,15;96,10;95,01;96,20;93,86
991,27;97,58;94,10;96,00;94,93;96,20;93,72
993,20;97,42;94,09;96,00;94,90;96,10;93,54
995,13;97,23;94,09;96,00;94,87;96,00;93,32
997,06;97,06;94,02;96,00;94,80;95,90;93,06
998,99;96,91;93,90;95,80;94,72;95,80;92,74
1000,92;96,82;93,71;95,60;94,57;95,60;92,38
1002,85;96,80;93,52;95,30;94,37;95,40;92,02
1004,77;96,83;93,28;95,10;94,13;95,20;91,64
1006,70;96,84;93,04;94,90;93,92;94,90;91,32
1008,63;96,81;92,89;94,70;93,76;94,70;91,12
1010,56;96,78;92,82;94,70;93,62;94,60;91,00
1012,49;96,77;92,74;94,60;93,51;94,50;90,87
1014,42;96,79;92,56;94,40;93,34;94,30;90,69
1016,35;96,86;92,38;94,20;93,08;94,20;90,45
1018,27;96,89;92,18;94,10;92,80;94,00;90,20
1020,20;96,93;91,92;93,90;92,60;93,80;89,98
1022,13;96,98;91,69;93,80;92,45;93,70;89,81
1024,06;97,07;91,53;93,80;92,37;93,50;89,76
1025,99;97,10;91,47;93,80;92,32;93,50;89,76
1027,92;97,05;91,49;93,80;92,34;93,50;89,78
1029,85;96,95;91,47;93,70;92,40;93,40;89,79
1031,77;96,91;91,42;93,60;92,49;93,30;89,81
1033,70;96,98;91,37;93,50;92,55;93,30;89,88
1035,63;97,07;91,33;93,30;92,55;93,30;89,90
1037,56;97,09;91,26;93,20;92,47;93,30;89,87
1039,49;97,12;91,20;93,10;92,38;93,40;89,84
1041,42;97,19;91,19;93,00;92,33;93,50;89,90
1043,35;97,28;91,24;93,00;92,33;93,60;90,03
1045,27;97,40;91,29;93,00;92,35;93,60;90,14
1047,20;97,41;91,32;93,00;92,38;93,70;90,22
1049,13;97,40;91,31;93,00;92,47;93,70;90,24
1051,06;97,48;91,24;93,00;92,54;93,70;90,20
1052,99;97,59;91,16;92,90;92,51;93,60;90,10
1054,92;97,71;91,18;92,80;92,48;93,60;89,98
1056,85;97,84;91,27;92,90;92,56;93,50;89,91
1058,77;98,03;91,36;93,10;92,75;93,40;89,93
1060,70;98,20;91,42;93,20;92,94;93,50;89,98
1062,63;98,29;91,45;93,30;93,10;93,50;90,05
1064,56;98,28;91,51;93,50;93,21;93,60;90,17
1066,49;98,28;91,53;93,50;93,36;93,60;90,28
1068,42;98,32;91,48;93,50;93,44;93,60;90,35
1070,35;98,36;91,39;93,50;93,44;93,60;90,42
1072,27;98,37;91,36;93,60;93,49;93,70;90,56
1074,20;98,38;91,41;93,60;93,54;93,80;90,67
1076,13;98,42;91,44;93,60;93,52;93,90;90,70
1078,06;98,49;91,43;93,70;93,49;94,00;90,77
1079,99;98,50;91,44;93,80;93,52;94,10;90,95
1081,92;98,45;91,48;93,80;93,54;94,20;91,09
1083,84;98,33;91,39;93,60;93,47;94,20;91,10
1085,77;98,12;91,26;93,40;93,40;94,20;91,07
1087,70;98,00;91,20;93,40;93,36;94,20;91,05
1089,63;97,93;91,22;93,30;93,27;94,20;91,00
1091,56;97,78;91,37;93,20;93,24;94,30;90,98
1093,49;97,69;91,57;93,30;93,33;94,40;90,99
1095,42;97,73;91,70;93,40;93,40;94,50;90,99
1097,34;97,73;91,76;93,50;93,45;94,50;91,03
1099,27;97,66;91,87;93,60;93,50;94,60;91,11
1101,20;97,63;92,04;93,80;93,58;94,70;91,26
1103,13;97,69;92,26;93,90;93,64;94,80;91,48
1105,06;97,79;92,50;94,20;93,74;94,90;91,70
1106,99;97,85;92,68;94,30;93,83;94,90;91,87
1108,92;97,83;92,78;94,50;93,89;94,90;92,05
1110,84;97,88;92,92;94,70;94,05;95,00;92,33
1112,77;98,05;93,12;95,00;94,19;95,20;92,54
1114,70;98,20;93,32;95,20;94,32;95,40;92,70
1116,63;98,24;93,50;95,50;94,51;95,60;92,92
1118,56;98,26;93,65;95,60;94,69;95,80;93,09
1120,49;98,31;93,70;95,60;94,76;95,90;93,18
1122,42;98,28;93,65;95,50;94,78;95,70;93,23
1124,34;98,20;93,57;95,50;94,81;95,70;93,17
1126,27;98,15;93,51;95,50;94,82;95,70;93,06
1128,20;98,03;93,49;95,50;94,85;95,80;92,95
1130,13;97,93;93,50;95,50;94,95;95,90;92,88
1132,06;97,88;93,42;95,40;95,03;95,90;92,78
1133,99;97,80;93,25;95,40;95,02;95,90;92,62
1135,92;97,66;93,16;95,30;95,05;95,90;92,55
1137,84;97,54;93,14;95,30;95,16;95,90;92,55
1139,77;97,39;93,12;95,30;95,27;96,00;92,62
1141,70;97,28;93,08;95,40;95,28;96,10;92,70
1143,63;97,19;93,02;95,50;95,24;96,10;92,74
1145,56;97,06;92,92;95,50;95,19;96,10;92,78
1147,49;96,92;92,83;95,60;95,14;96,10;92,84
1149,42;96,89;92,81;95,70;95,14;96,10;92,92
1151,34;96,92;92,85;95,80;95,15;96,10;92,98
1153,27;96,97;92,90;95,80;95,16;96,20;93,00
1155,20;97,01;92,84;95,80;95,10;96,10;92,97
1157,13;97,05;92,71;95,70;94,97;96,00;92,87
1159,06;97,09;92,59;95,70;94,84;95,90;92,83
1160,99;97,08;92,56;95,80;94,81;95,70;92,87
1162,92;97,09;92,63;95,90;94,86;95,70;92,96
1164,84;97,18;92,72;96,00;94,90;95,80;93,06
1166,77;97,29;92,82;96,20;94,98;95,90;93,20
1168,70;97,41;92,91;96,30;95,10;96,00;93,35
1170,63;97,48;93,02;96,40;95,21;96,10;93,47
1172,56;97,49;93,11;96,50;95,34;96,10;93,54
1174,49;97,53;93,28;96,60;95,55;96,20;93,66
1176,42;97,56;93,48;96,70;95,74;96,30;93,85
1178,34;97,55;93,65;96,90;95,83;96,40;94,05
1180,27;97,61;93,83;97,10;95,88;96,50;94,18
1182,20;97,65;94,00;97,20;95,95;96,60;94,25
1184,13;97,72;94,14;97,30;96,07;96,60;94,32
1186,06;97,78;94,27;97,30;96,16;96,60;94,36
1187,99;97,82;94,37;97,30;96,17;96,60;94,31
1189,92;97,82;94,40;97,30;96,15;96,60;94,23
1191,84;97,81;94,39;97,30;96,10;96,60;94,14
1193,77;97,81;94,36;97,20;96,03;96,60;94,03
1195,70;97,80;94,37;97,20;95,99;96,50;93,95
1197,63;97,79;94,43;97,20;95,99;96,60;93,95
1199,56;97,80;94,51;97,30;96,01;96,60;94,00
1201,49;97,82;94,50;97,30;95,99;96,70;94,00
1203,42;97,86;94,38;97,20;95,92;96,70;93,95
1205,34;97,89;94,28;97,10;95,86;96,70;93,93
1207,27;97,86;94,25;97,10;95,86;96,70;93,92
1209,20;97,81;94,26;97,10;95,93;96,70;93,91
1211,13;97,81;94,27;97,20;96,03;96,70;93,92
1213,06;97,82;94,33;97,20;96,10;96,80;94,03
1214,99;97,80;94,36;97,30;96,12;96,80;94,16
1216,91;97,76;94,37;97,40;96,13;96,90;94,25
1218,84;97,76;94,37;97,40;96,18;97,00;94,30
1220,77;97,76;94,35;97,50;96,22;97,00;94,33
1222,70;97,78;94,35;97,50;96,27;97,00;94,38
1224,63;97,77;94,40;97,60;96,32;97,10;94,43
1226,56;97,73;94,44;97,70;96,37;97,10;94,50
1228,49;97,68;94,50;97,70;96,45;97,20;94,61
1230,41;97,66;94,61;97,80;96,55;97,30;94,76
1232,34;97,67;94,72;97,80;96,65;97,30;94,89
1234,27;97,66;94,78;97,80;96,70;97,40;95,01
1236,20;97,67;94,85;97,90;96,70;97,40;95,14
1238,13;97,76;94,91;98,00;96,71;97,40;95,23
1240,06;97,83;94,90;98,00;96,69;97,40;95,28
1241,99;97,87;94,94;98,00;96,70;97,40;95,35
1243,91;97,90;95,03;98,00;96,75;97,40;95,46
1245,84;97,90;95,14;98,10;96,87;97,50;95,61
1247,77;97,92;95,32;98,30;97,03;97,60;95,82
1249,70;97,95;95,48;98,40;97,17;97,70;96,00
1251,63;97,93;95,58;98,50;97,23;97,70;96,14
1253,56;97,92;95,66;98,60;97,29;97,80;96,27
1255,49;97,95;95,75;98,70;97,38;97,90;96,40
1257,41;97,99;95,80;98,70;97,45;97,90;96,48
1259,34;98,03;95,83;98,80;97,53;98,00;96,54
1261,27;98,03;95,90;98,80;97,61;98,10;96,63
1263,20;98,02;96,00;98,90;97,70;98,20;96,74
1265,13;98,01;96,05;98,90;97,76;98,20;96,82
1267,06;98,02;96,08;98,90;97,82;98,30;96,88
1268,99;98,03;96,13;99,00;97,88;98,40;96,96
1270,91;98,03;96,16;99,00;97,90;98,50;97,02
1272,84;98,05;96,16;99,00;97,88;98,50;97,07
1274,77;98,08;96,17;99,10;97,86;98,50;97,09
1276,70;98,12;96,21;99,10;97,86;98,50;97,10
1278,63;98,11;96,24;99,10;97,83;98,50;97,09
1280,56;98,08;96,30;99,10;97,83;98,60;97,09
1282,49;98,04;96,36;99,10;97,87;98,60;97,07
1284,41;97,98;96,43;99,20;97,91;98,60;97,05
1286,34;97,93;96,52;99,20;97,98;98,70;97,05
1288,27;97,85;96,59;99,20;98,05;98,70;97,02
1290,20;97,76;96,61;99,20;98,05;98,70;96,96
1292,13;97,71;96,64;99,20;98,01;98,70;96,91
1294,06;97,70;96,65;99,20;98,02;98,70;96,86
1295,99;97,68;96,62;99,20;98,03;98,60;96,80
1297,91;97,62;96,58;99,10;98,03;98,60;96,78
1299,84;97,59;96,54;99,10;98,02;98,60;96,77
1301,77;97,62;96,54;99,10;98,03;98,60;96,75
1303,70;97,60;96,51;99,00;98,00;98,60;96,72
1305,63;97,59;96,46;99,00;97,98;98,60;96,74
1307,56;97,59;96,47;99,00;97,97;98,60;96,78
1309,49;97,60;96,47;99,00;97,93;98,50;96,76
1311,41;97,64;96,41;98,90;97,84;98,50;96,72
1313,34;97,69;96,34;98,80;97,77;98,40;96,68
1315,27;97,77;96,32;98,80;97,75;98,40;96,68
1317,20;97,83;96,33;98,80;97,76;98,40;96,67
1319,13;97,86;96,37;98,70;97,80;98,40;96,65
1321,06;97,88;96,39;98,70;97,84;98,40;96,67
1322,99;97,89;96,43;98,70;97,91;98,50;96,74
1324,91;97,88;96,51;98,70;97,99;98,50;96,81
1326,84;97,82;96,55;98,60;98,03;98,60;96,82
1328,77;97,74;96,55;98,60;98,01;98,50;96,80
1330,70;97,72;96,56;98,50;98,00;98,40;96,78
1332,63;97,71;96,57;98,50;98,01;98,40;96,78
1334,56;97,69;96,56;98,50;98,00;98,30;96,78
1336,48;97,65;96,55;98,50;97,98;98,20;96,78
1338,41;97,59;96,52;98,50;97,96;98,10;96,77
1340,34;97,48;96,48;98,50;97,91;98,10;96,71
1342,27;97,28;96,38;98,50;97,81;98,00;96,63
1344,20;97,05;96,24;98,40;97,67;97,90;96,53
1346,13;96,85;96,09;98,40;97,55;97,80;96,40
1348,06;96,68;95,94;98,30;97,43;97,80;96,26
1349,98;96,56;95,81;98,30;97,34;97,70;96,17
1351,91;96,53;95,76;98,30;97,33;97,80;96,16
1353,84;96,58;95,73;98,30;97,35;97,90;96,17
1355,77;96,54;95,66;98,30;97,32;97,90;96,14
1357,70;96,26;95,46;98,10;97,19;97,90;96,03
1359,63;95,73;95,07;97,90;96,91;97,90;95,72
1361,56;95,03;94,60;97,60;96,56;97,80;95,26
1363,48;94,27;94,10;97,20;96,21;97,70;94,77
1365,41;93,62;93,68;96,90;95,92;97,60;94,33
1367,34;93,16;93,36;96,70;95,72;97,50;94,01
1369,27;92,86;93,14;96,60;95,60;97,40;93,81
1371,20;92,72;93,01;96,50;95,56;97,40;93,74
1373,13;92,68;92,96;96,50;95,57;97,40;93,74
1375,06;92,76;92,98;96,40;95,60;97,40;93,79
1376,98;92,95;93,09;96,50;95,67;97,40;93,93
1378,91;93,21;93,27;96,50;95,83;97,50;94,15
1380,84;93,57;93,53;96,60;96,03;97,60;94,47
1382,77;94,06;93,85;96,70;96,30;97,70;94,87
1384,70;94,69;94,25;96,80;96,60;97,80;95,32
1386,63;95,45;94,71;97,00;96,95;98,00;95,82
1388,56;96,28;95,20;97,20;97,31;98,30;96,35
1390,48;97,07;95,66;97,40;97,59;98,50;96,84
1392,41;97,71;95,99;97,40;97,79;98,70;97,20
1394,34;98,03;96,13;97,40;97,86;98,70;97,38
1396,27;98,04;96,09;97,40;97,81;98,70;97,31
1398,20;97,87;95,92;97,20;97,67;98,70;97,11
1400,13;97,64;95,77;97,10;97,54;98,60;96,92
1402,06;97,48;95,64;97,00;97,48;98,50;96,77
1403,98;97,39;95,53;96,90;97,44;98,40;96,66
1405,91;97,34;95,44;96,80;97,39;98,30;96,61
1407,84;97,29;95,40;96,70;97,36;98,20;96,60
1409,77;97,21;95,36;96,70;97,33;98,20;96,56
1411,70;97,16;95,31;96,70;97,30;98,20;96,47
1413,63;97,17;95,31;96,70;97,29;98,10;96,38
1415,56;97,13;95,30;96,60;97,28;98,10;96,29
1417,48;97,05;95,25;96,60;97,27;98,00;96,17
1419,41;97,00;95,20;96,60;97,30;98,00;96,13
1421,34;96,88;95,14;96,50;97,34;98,00;96,11
1423,27;96,79;95,05;96,50;97,34;98,10;96,04
1425,20;96,74;94,95;96,50;97,33;98,20;95,94
1427,13;96,64;94,90;96,50;97,34;98,20;95,87
1429,06;96,47;94,85;96,40;97,32;98,20;95,80
1430,98;96,29;94,73;96,30;97,28;98,20;95,68
1432,91;96,10;94,55;96,30;97,23;98,10;95,52
1434,84;95,87;94,36;96,30;97,14;98,00;95,36
1436,77;95,57;94,12;96,20;96,96;97,90;95,14
1438,70;95,19;93,89;96,00;96,73;97,70;94,90
1440,63;94,85;93,63;95,80;96,51;97,60;94,69
1442,56;94,47;93,35;95,60;96,33;97,50;94,50
1444,48;94,05;93,13;95,50;96,14;97,40;94,33
1446,41;93,60;92,96;95,30;95,97;97,30;94,16
1448,34;93,20;92,78;95,10;95,82;97,30;93,96
1450,27;92,90;92,63;95,00;95,66;97,20;93,78
1452,20;92,67;92,54;94,90;95,48;97,20;93,61
1454,13;92,48;92,49;94,80;95,33;97,10;93,48
1456,05;92,43;92,51;94,90;95,33;97,10;93,50
1457,98;92,52;92,64;95,00;95,48;97,30;93,71
1459,91;92,69;92,82;95,10;95,65;97,50;93,96
1461,84;93,05;93,08;95,20;95,84;97,60;94,22
1463,77;93,53;93,41;95,40;96,06;97,70;94,55
1465,70;94,05;93,80;95,70;96,29;97,80;94,94
1467,63;94,61;94,17;95,90;96,53;97,90;95,32
1469,55;95,19;94,49;96,20;96,72;98,00;95,69
1471,48;95,77;94,82;96,50;96,93;98,10;96,04
1473,41;96,32;95,15;96,80;97,14;98,20;96,35
1475,34;96,78;95,44;97,00;97,27;98,30;96,59
1477,27;97,17;95,74;97,20;97,42;98,40;96,83
1479,20;97,51;96,01;97,40;97,62;98,60;97,09
1481,13;97,74;96,23;97,50;97,81;98,70;97,31
1483,05;97,87;96,42;97,60;97,92;98,70;97,45
1484,98;97,95;96,56;97,70;97,96;98,70;97,50
1486,91;98,03;96,65;97,70;97,93;98,80;97,47
1488,84;98,09;96,74;97,70;97,91;98,80;97,47
1490,77;98,12;96,84;97,80;97,97;99,00;97,54
1492,70;98,18;96,95;97,90;98,11;99,10;97,68
1494,63;98,25;97,03;97,90;98,24;99,20;97,82
1496,55;98,29;97,10;98,00;98,33;99,30;97,93
1498,48;98,32;97,17;98,00;98,42;99,40;97,99
1500,41;98,39;97,19;98,00;98,49;99,40;98,00
1502,34;98,45;97,18;98,00;98,48;99,40;97,98
1504,27;98,46;97,15;98,00;98,46;99,30;98,00
1506,20;98,43;97,12;98,00;98,50;99,30;98,05
1508,13;98,40;97,10;98,10;98,53;99,30;98,09
1510,05;98,36;97,09;98,10;98,54;99,30;98,09
1511,98;98,30;97,08;98,20;98,56;99,30;98,08
1513,91;98,22;97,06;98,20;98,56;99,20;98,07
1515,84;98,14;97,07;98,20;98,55;99,20;98,09
1517,77;98,10;97,08;98,20;98,53;99,10;98,11
1519,70;98,11;97,00;98,10;98,41;98,90;97,98
1521,63;98,12;96,86;98,00;98,28;98,70;97,79
1523,55;98,16;96,74;98,00;98,20;98,60;97,68
1525,48;98,19;96,66;98,00;98,13;98,50;97,67
1527,41;98,18;96,60;98,00;98,11;98,60;97,80
1529,34;98,23;96,53;98,00;98,12;98,60;97,95
1531,27;98,31;96,48;98,00;98,12;98,60;98,03
1533,20;98,34;96,43;97,90;98,06;98,50;98,03
1535,13;98,37;96,40;97,90;98,00;98,40;97,95
1537,05;98,44;96,39;97,80;97,98;98,40;97,88
1538,98;98,49;96,37;97,80;97,91;98,40;97,81
1540,91;98,50;96,39;97,80;97,86;98,40;97,79
1542,84;98,49;96,45;97,90;97,92;98,60;97,91
1544,77;98,46;96,52;98,10;98,04;98,70;98,04
1546,70;98,45;96,62;98,10;98,15;98,90;98,15
1548,63;98,48;96,72;98,20;98,23;99,00;98,22
1550,55;98,53;96,77;98,20;98,30;99,00;98,21
1552,48;98,60;96,79;98,30;98,34;99,10;98,17
1554,41;98,62;96,82;98,40;98,31;99,10;98,08
1556,34;98,61;96,81;98,40;98,20;99,00;97,90
1558,27;98,61;96,78;98,40;98,08;98,90;97,70
1560,20;98,61;96,77;98,50;98,09;98,90;97,65
1562,13;98,62;96,76;98,60;98,11;99,00;97,69
1564,05;98,56;96,72;98,60;98,06;99,00;97,70
1565,98;98,47;96,63;98,60;97,96;99,00;97,65
1567,91;98,43;96,53;98,50;97,86;98,90;97,55
1569,84;98,36;96,47;98,40;97,73;98,80;97,39
1571,77;98,24;96,41;98,30;97,57;98,60;97,19
1573,70;98,18;96,37;98,30;97,44;98,50;97,01
1575,63;98,13;96,35;98,30;97,37;98,40;96,85
1577,55;98,04;96,34;98,30;97,34;98,40;96,71
1579,48;97,94;96,31;98,30;97,33;98,40;96,66
1581,41;97,84;96,29;98,30;97,36;98,40;96,68
1583,34;97,77;96,29;98,30;97,40;98,40;96,65
1585,27;97,77;96,31;98,30;97,40;98,30;96,60
1587,20;97,78;96,32;98,20;97,39;98,30;96,55
1589,12;97,76;96,35;98,20;97,37;98,40;96,45
1591,05;97,73;96,40;98,20;97,32;98,40;96,38
1592,98;97,70;96,47;98,30;97,29;98,40;96,37
1594,91;97,67;96,54;98,30;97,28;98,40;96,39
1596,84;97,67;96,57;98,30;97,31;98,50;96,44
1598,77;97,72;96,55;98,30;97,33;98,50;96,51
1600,70;97,73;96,50;98,30;97,33;98,50;96,58
1602,62;97,72;96,44;98,30;97,29;98,40;96,58
1604,55;97,71;96,35;98,20;97,22;98,40;96,51
1606,48;97,72;96,26;98,20;97,15;98,40;96,47
1608,41;97,74;96,23;98,20;97,13;98,30;96,45
1610,34;97,80;96,19;98,20;97,17;98,30;96,45
1612,27;97,83;96,13;98,20;97,19;98,30;96,44
1614,20;97,83;96,04;98,20;97,16;98,30;96,38
1616,12;97,85;95,98;98,20;97,15;98,20;96,32
1618,05;97,89;95,95;98,20;97,16;98,20;96,32
1619,98;97,89;95,97;98,20;97,16;98,20;96,30
1621,91;97,92;96,00;98,20;97,21;98,30;96,28
1623,84;98,00;96,06;98,20;97,25;98,40;96,30
1625,77;98,06;96,11;98,20;97,28;98,50;96,30
1627,70;98,12;96,08;98,10;97,28;98,50;96,25
1629,62;98,17;96,04;98,00;97,29;98,40;96,29
1631,55;98,15;95,97;98,00;97,35;98,40;96,35
1633,48;98,05;95,86;98,00;97,35;98,30;96,33
1635,41;97,97;95,78;98,00;97,38;98,30;96,38
1637,34;97,91;95,75;98,00;97,47;98,30;96,52
1639,27;97,84;95,70;98,00;97,56;98,30;96,63
1641,20;97,79;95,66;98,10;97,66;98,30;96,70
1643,12;97,76;95,63;98,10;97,73;98,40;96,76
1645,05;97,68;95,60;98,10;97,78;98,40;96,82
1646,98;97,60;95,59;98,10;97,83;98,40;96,89
1648,91;97,55;95,57;98,10;97,85;98,50;96,94
1650,84;97,52;95,59;98,10;97,83;98,50;96,97
1652,77;97,56;95,68;98,10;97,84;98,50;97,03
1654,70;97,65;95,79;98,20;97,92;98,50;97,09
1656,62;97,74;95,94;98,30;98,04;98,60;97,14
1658,55;97,81;96,06;98,40;98,08;98,70;97,15
1660,48;97,90;96,16;98,40;98,08;98,70;97,14
1662,41;98,00;96,24;98,40;98,05;98,70;97,09
1664,34;98,09;96,29;98,40;98,00;98,60;96,97
1666,27;98,13;96,35;98,40;98,02;98,60;96,93
1668,20;98,12;96,41;98,50;98,06;98,70;97,00
1670,12;98,05;96,45;98,60;98,08;98,70;97,04
1672,05;98,03;96,52;98,70;98,13;98,70;97,11
1673,98;98,13;96,61;98,80;98,26;98,80;97,27
1675,91;98,20;96,65;98,80;98,30;98,90;97,34
1677,84;98,21;96,63;98,90;98,30;98,90;97,36
1679,77;98,22;96,65;98,90;98,34;98,90;97,37
1681,70;98,19;96,67;98,90;98,35;99,00;97,39
1683,62;98,14;96,65;98,90;98,39;99,10;97,44
1685,55;98,13;96,68;98,90;98,46;99,20;97,51
1687,48;98,18;96,75;98,90;98,56;99,40;97,58
1689,41;98,27;96,80;99,00;98,63;99,40;97,63
1691,34;98,32;96,81;99,00;98,70;99,40;97,64
1693,27;98,34;96,79;99,10;98,76;99,40;97,61
1695,20;98,37;96,77;99,10;98,75;99,40;97,56
1697,12;98,39;96,71;99,10;98,65;99,30;97,47
1699,05;98,39;96,65;99,00;98,53;99,20;97,34
1700,98;98,40;96,63;99,10;98,47;99,20;97,22
1702,91;98,39;96,62;99,10;98,47;99,10;97,13
1704,84;98,34;96,60;99,10;98,51;99,10;97,13
1706,77;98,30;96,52;99,10;98,52;99,10;97,14
1708,69;98,28;96,41;99,10;98,51;99,00;97,10
1710,62;98,28;96,29;99,10;98,48;99,00;97,04
1712,55;98,28;96,10;99,00;98,42;98,90;96,93
1714,48;98,16;95,86;98,90;98,28;98,80;96,73
1716,41;98,01;95,66;98,90;98,20;98,80;96,63
1718,34;97,94;95,50;98,90;98,19;98,90;96,63
1720,27;97,90;95,34;98,90;98,21;98,90;96,66
1722,19;97,92;95,16;98,90;98,26;99,00;96,68
1724,12;97,96;94,99;98,80;98,28;99,00;96,67
1726,05;97,90;94,79;98,80;98,29;99,00;96,70
1727,98;97,81;94,59;98,80;98,26;99,00;96,73
1729,91;97,69;94,49;98,80;98,24;99,00;96,76
1731,84;97,59;94,49;98,80;98,23;98,90;96,81
1733,77;97,53;94,54;98,80;98,21;99,00;96,89
1735,69;97,46;94,61;98,70;98,22;99,00;96,95
1737,62;97,41;94,78;98,70;98,25;99,00;97,02
1739,55;97,40;95,04;98,80;98,34;99,10;97,14
1741,48;97,42;95,31;98,90;98,45;99,10;97,25
1743,41;97,49;95,64;98,90;98,56;99,20;97,39
1745,34;97,58;95,96;99,00;98,64;99,30;97,52
1747,27;97,64;96,24;99,10;98,67;99,30;97,58
1749,19;97,69;96,53;99,10;98,67;99,30;97,59
1751,12;97,75;96,81;99,20;98,68;99,30;97,58
1753,05;97,81;97,05;99,20;98,65;99,30;97,57
1754,98;97,94;97,27;99,20;98,66;99,30;97,61
1756,91;98,13;97,43;99,20;98,72;99,40;97,65
1758,84;98,30;97,54;99,30;98,77;99,40;97,66
1760,77;98,44;97,60;99,30;98,81;99,40;97,68
1762,69;98,48;97,63;99,30;98,83;99,40;97,70
1764,62;98,46;97,62;99,20;98,82;99,40;97,71
1766,55;98,46;97,63;99,20;98,79;99,40;97,68
1768,48;98,45;97,67;99,20;98,77;99,30;97,67
1770,41;98,44;97,67;99,10;98,75;99,30;97,67
1772,34;98,40;97,63;99,10;98,74;99,20;97,65
1774,27;98,38;97,59;99,10;98,72;99,20;97,63
1776,19;98,40;97,58;99,10;98,73;99,20;97,64
1778,12;98,45;97,59;99,10;98,80;99,20;97,70
1780,05;98,49;97,64;99,20;98,87;99,20;97,77
1781,98;98,50;97,68;99,20;98,87;99,20;97,85
1783,91;98,49;97,70;99,30;98,84;99,30;97,93
1785,84;98,49;97,69;99,30;98,81;99,30;97,96
1787,77;98,50;97,67;99,30;98,79;99,20;97,99
1789,69;98,49;97,67;99,30;98,79;99,20;98,01
1791,62;98,49;97,69;99,30;98,80;99,20;98,04
1793,55;98,52;97,72;99,30;98,81;99,30;98,07
1795,48;98,56;97,79;99,40;98,84;99,40;98,13
1797,41;98,59;97,86;99,40;98,87;99,50;98,17
1799,34;98,61;97,89;99,40;98,86;99,40;98,16
1801,27;98,62;97,90;99,40;98,85;99,40;98,14
1803,19;98,66;97,90;99,30;98,82;99,40;98,11
1805,12;98,69;97,90;99,30;98,79;99,40;98,09
1807,05;98,68;97,91;99,30;98,79;99,40;98,09
1808,98;98,63;97,93;99,30;98,78;99,30;98,07
1810,91;98,58;97,94;99,20;98,74;99,30;98,01
1812,84;98,56;97,92;99,20;98,72;99,30;97,97
1814,77;98,53;97,92;99,20;98,76;99,30;97,98
1816,69;98,44;97,97;99,20;98,83;99,30;98,02
1818,62;98,33;98,00;99,20;98,83;99,30;98,04
1820,55;98,26;97,98;99,10;98,81;99,30;98,09
1822,48;98,21;97,97;99,10;98,84;99,30;98,14
1824,41;98,20;97,95;99,10;98,86;99,40;98,14
1826,34;98,17;97,93;99,10;98,85;99,40;98,14
1828,26;98,11;97,95;99,10;98,87;99,50;98,15
1830,19;98,11;97,99;99,20;98,92;99,60;98,17
1832,12;98,14;98,04;99,30;98,99;99,70;98,25
1834,05;98,18;98,07;99,30;99,07;99,70;98,32
1835,98;98,23;98,04;99,30;99,12;99,70;98,34
1837,91;98,27;98,02;99,30;99,17;99,60;98,36
1839,84;98,32;98,01;99,30;99,23;99,70;98,41
1841,76;98,39;97,99;99,40;99,25;99,60;98,44
1843,69;98,44;98,00;99,40;99,27;99,60;98,47
1845,62;98,48;98,03;99,50;99,29;99,60;98,50
1847,55;98,51;98,02;99,50;99,25;99,60;98,50
1849,48;98,55;97,96;99,50;99,16;99,60;98,48
1851,41;98,60;97,93;99,50;99,12;99,50;98,48
1853,34;98,60;97,95;99,60;99,14;99,50;98,51
1855,26;98,55;97,97;99,60;99,13;99,50;98,48
1857,19;98,47;97,95;99,50;99,08;99,50;98,43
1859,12;98,44;97,93;99,50;99,03;99,50;98,38
1861,05;98,42;97,90;99,40;98,99;99,50;98,33
1862,98;98,40;97,87;99,40;98,91;99,50;98,27
1864,91;98,35;97,83;99,40;98,84;99,50;98,22
1866,84;98,32;97,81;99,40;98,83;99,50;98,17
1868,76;98,33;97,78;99,40;98,81;99,50;98,12
1870,69;98,30;97,73;99,30;98,80;99,50;98,09
1872,62;98,27;97,66;99,20;98,78;99,50;98,00
1874,55;98,26;97,60;99,10;98,75;99,50;97,91
1876,48;98,27;97,61;99,10;98,74;99,50;97,92
1878,41;98,27;97,59;99,10;98,72;99,40;97,92
1880,34;98,30;97,55;99,10;98,67;99,30;97,91
1882,26;98,36;97,57;99,10;98,66;99,30;97,94
1884,19;98,44;97,62;99,20;98,67;99,40;98,02
1886,12;98,51;97,67;99,20;98,67;99,40;98,12
1888,05;98,54;97,70;99,30;98,65;99,40;98,17
1889,98;98,52;97,75;99,30;98,67;99,40;98,18
1891,91;98,48;97,81;99,30;98,69;99,40;98,17
1893,84;98,44;97,84;99,30;98,67;99,40;98,14
1895,76;98,41;97,87;99,30;98,64;99,40;98,12
1897,69;98,42;97,89;99,40;98,65;99,40;98,11
1899,62;98,46;97,94;99,40;98,70;99,50;98,13
1901,55;98,47;97,98;99,40;98,72;99,50;98,13
1903,48;98,43;98,00;99,40;98,70;99,40;98,09
1905,41;98,37;98,00;99,40;98,68;99,50;98,04
1907,34;98,32;97,96;99,40;98,65;99,50;97,96
1909,26;98,30;97,90;99,30;98,67;99,50;97,91
1911,19;98,28;97,85;99,30;98,71;99,50;97,89
1913,12;98,21;97,83;99,30;98,72;99,40;97,89
1915,05;98,14;97,80;99,20;98,70;99,40;97,90
1916,98;98,08;97,70;99,20;98,65;99,30;97,87
1918,91;98,09;97,58;99,10;98,61;99,30;97,87
1920,84;98,14;97,54;99,10;98,61;99,30;97,92
1922,76;98,17;97,54;99,10;98,64;99,40;98,00
1924,69;98,16;97,53;99,10;98,63;99,40;98,00
1926,62;98,12;97,49;99,10;98,61;99,40;97,99
1928,55;98,11;97,49;99,10;98,63;99,40;98,01
1930,48;98,16;97,54;99,20;98,67;99,40;98,06
1932,41;98,22;97,60;99,20;98,70;99,50;98,08
1934,34;98,30;97,70;99,30;98,75;99,50;98,13
1936,26;98,41;97,79;99,50;98,83;99,60;98,19
1938,19;98,48;97,88;99,60;98,91;99,70;98,28
1940,12;98,47;97,94;99,60;98,95;99,70;98,33
1942,05;98,43;97,97;99,70;98,97;99,60;98,36
1943,98;98,39;97,99;99,70;99,02;99,70;98,38
1945,91;98,41;97,98;99,80;99,07;99,70;98,38
1947,83;98,43;97,93;99,80;99,06;99,60;98,35
1949,76;98,37;97,83;99,70;98,98;99,60;98,27
1951,69;98,30;97,73;99,70;98,91;99,50;98,18
1953,62;98,28;97,63;99,60;98,86;99,40;98,13
1955,55;98,26;97,49;99,40;98,80;99,40;98,10
1957,48;98,29;97,37;99,40;98,77;99,40;98,04
1959,41;98,32;97,30;99,40;98,72;99,40;97,94
1961,33;98,29;97,29;99,40;98,65;99,40;97,85
1963,26;98,24;97,30;99,40;98,59;99,40;97,81
1965,19;98,20;97,30;99,40;98,56;99,30;97,84
1967,12;98,22;97,37;99,40;98,55;99,40;97,89
1969,05;98,30;97,47;99,40;98,54;99,40;97,92
1970,98;98,36;97,56;99,40;98,53;99,40;97,95
1972,91;98,40;97,59;99,40;98,50;99,40;97,97
1974,83;98,43;97,61;99,50;98,52;99,40;97,99
1976,76;98,45;97,66;99,50;98,58;99,40;98,04
1978,69;98,45;97,70;99,50;98,63;99,50;98,10
1980,62;98,47;97,72;99,50;98,65;99,50;98,14
1982,55;98,50;97,74;99,50;98,64;99,50;98,14
1984,48;98,55;97,73;99,50;98,60;99,40;98,11
1986,41;98,60;97,68;99,50;98,55;99,40;98,05
1988,33;98,63;97,65;99,40;98,54;99,40;98,02
1990,26;98,65;97,72;99,40;98,58;99,40;98,02
1992,19;98,66;97,78;99,40;98,61;99,50;98,02
1994,12;98,68;97,77;99,40;98,59;99,40;97,95
1996,05;98,67;97,75;99,40;98,55;99,40;97,83
1997,98;98,63;97,75;99,40;98,49;99,30;97,73
1999,91;98,60;97,79;99,40;98,48;99,40;97,73
2001,83;98,57;97,82;99,40;98,50;99,40;97,78
2003,76;98,50;97,85;99,40;98,50;99,40;97,84
2005,69;98,45;97,85;99,40;98,48;99,40;97,84
2007,62;98,41;97,81;99,40;98,50;99,40;97,83
2009,55;98,32;97,77;99,40;98,54;99,40;97,83
2011,48;98,25;97,74;99,40;98,58;99,40;97,86
2013,41;98,20;97,74;99,40;98,63;99,50;97,88
2015,33;98,16;97,75;99,40;98,68;99,50;97,91
2017,26;98,11;97,76;99,40;98,69;99,50;97,95
2019,19;98,07;97,79;99,40;98,71;99,50;97,95
2021,12;98,04;97,81;99,50;98,72;99,50;97,92
2023,05;97,99;97,81;99,50;98,74;99,50;97,90
2024,98;97,93;97,84;99,50;98,80;99,60;97,90
2026,91;97,89;97,90;99,60;98,87;99,60;97,92
2028,83;97,90;97,96;99,70;98,92;99,70;97,93
2030,76;97,94;97,95;99,70;98,89;99,60;97,96
2032,69;97,95;97,88;99,60;98,80;99,60;97,94
2034,62;97,95;97,82;99,60;98,70;99,50;97,88
2036,55;98,01;97,78;99,60;98,66;99,40;97,85
2038,48;98,09;97,75;99,50;98,62;99,40;97,86
2040,41;98,14;97,69;99,50;98,54;99,40;97,87
2042,33;98,18;97,64;99,50;98,49;99,30;97,90
2044,26;98,25;97,57;99,50;98,50;99,30;97,94
2046,19;98,31;97,52;99,50;98,54;99,30;97,96
2048,12;98,37;97,51;99,40;98,55;99,30;98,00
2050,05;98,39;97,51;99,30;98,52;99,30;98,02
2051,98;98,40;97,48;99,20;98,49;99,20;97,99
2053,91;98,41;97,49;99,20;98,50;99,20;97,99
2055,83;98,44;97,54;99,10;98,54;99,30;98,01
2057,76;98,46;97,59;99,20;98,59;99,30;98,00
2059,69;98,42;97,62;99,20;98,64;99,40;98,00
2061,62;98,38;97,63;99,30;98,71;99,40;98,04
2063,55;98,41;97,66;99,30;98,76;99,50;98,07
2065,48;98,43;97,66;99,40;98,74;99,60;98,05
2067,41;98,43;97,64;99,40;98,67;99,50;98,00
2069,33;98,42;97,64;99,30;98,60;99,50;97,94
2071,26;98,41;97,66;99,30;98,55;99,50;97,87
2073,19;98,42;97,64;99,30;98,49;99,50;97,78
2075,12;98,42;97,61;99,30;98,44;99,50;97,75
2077,05;98,42;97,59;99,40;98,40;99,50;97,72
2078,98;98,40;97,57;99,30;98,37;99,50;97,70
2080,90;98,39;97,59;99,40;98,40;99,50;97,72
2082,83;98,37;97,56;99,30;98,46;99,50;97,74
2084,76;98,34;97,52;99,30;98,46;99,50;97,73
2086,69;98,29;97,49;99,20;98,46;99,40;97,73
2088,62;98,23;97,47;99,10;98,48;99,50;97,75
2090,55;98,23;97,49;99,10;98,52;99,60;97,82
2092,48;98,27;97,54;99,10;98,58;99,60;97,90
2094,40;98,28;97,56;99,20;98,61;99,60;97,96
2096,33;98,24;97,57;99,20;98,62;99,70;98,02
2098,26;98,20;97,56;99,30;98,62;99,80;98,09
2100,19;98,20;97,56;99,30;98,59;99,80;98,11
2102,12;98,22;97,60;99,30;98,55;99,80;98,10
2104,05;98,24;97,65;99,30;98,54;99,80;98,12
2105,98;98,28;97,73;99,30;98,56;99,70;98,13
2107,90;98,32;97,81;99,30;98,59;99,70;98,13
2109,83;98,37;97,84;99,20;98,60;99,70;98,14
2111,76;98,37;97,82;99,20;98,58;99,80;98,15
2113,69;98,33;97,81;99,20;98,54;99,70;98,13
2115,62;98,29;97,81;99,10;98,50;99,60;98,06
2117,55;98,27;97,79;99,10;98,49;99,50;98,03
2119,48;98,26;97,76;99,00;98,52;99,50;98,02
2121,40;98,25;97,71;99,00;98,53;99,40;97,98
2123,33;98,19;97,65;98,90;98,52;99,40;97,91
2125,26;98,15;97,63;98,90;98,55;99,40;97,86
2127,19;98,16;97,63;98,90;98,58;99,40;97,86
2129,12;98,18;97,63;98,90;98,61;99,40;97,89
2131,05;98,19;97,60;99,00;98,61;99,30;97,86
2132,98;98,19;97,57;99,00;98,56;99,30;97,82
2134,90;98,21;97,57;99,00;98,55;99,30;97,79
2136,83;98,21;97,59;99,00;98,56;99,40;97,76
2138,76;98,24;97,63;99,10;98,56;99,40;97,74
2140,69;98,25;97,66;99,00;98,56;99,40;97,73
2142,62;98,27;97,68;99,00;98,58;99,40;97,69
2144,55;98,33;97,69;98,90;98,56;99,30;97,62
2146,48;98,39;97,68;98,90;98,52;99,30;97,60
2148,40;98,42;97,64;98,80;98,44;99,30;97,57
2150,33;98,36;97,57;98,80;98,35;99,30;97,51
2152,26;98,28;97,52;98,70;98,26;99,20;97,46
2154,19;98,28;97,48;98,60;98,21;99,10;97,43
2156,12;98,29;97,42;98,50;98,19;99,10;97,42
2158,05;98,26;97,35;98,40;98,17;99,00;97,39
2159,98;98,20;97,30;98,40;98,20;99,00;97,38
2161,90;98,14;97,21;98,40;98,24;99,10;97,38
2163,83;98,13;97,15;98,30;98,27;99,10;97,40
2165,76;98,12;97,17;98,30;98,31;99,10;97,48
2167,69;98,13;97,20;98,40;98,35;99,10;97,57
2169,62;98,17;97,24;98,40;98,35;99,20;97,61
2171,55;98,22;97,29;98,50;98,37;99,20;97,64
2173,48;98,23;97,35;98,50;98,41;99,30;97,67
2175,40;98,22;97,38;98,50;98,45;99,30;97,70
2177,33;98,23;97,35;98,50;98,44;99,30;97,68
2179,26;98,25;97,32;98,40;98,42;99,40;97,65
2181,19;98,28;97,34;98,40;98,41;99,40;97,63
2183,12;98,29;97,36;98,40;98,41;99,30;97,65
2185,05;98,31;97,37;98,40;98,39;99,30;97,67
2186,98;98,30;97,36;98,40;98,39;99,30;97,66
2188,90;98,26;97,34;98,40;98,40;99,30;97,66
2190,83;98,23;97,37;98,40;98,42;99,40;97,69
2192,76;98,25;97,38;98,50;98,43;99,40;97,70
2194,69;98,27;97,39;98,50;98,44;99,30;97,70
2196,62;98,24;97,42;98,60;98,50;99,30;97,74
2198,55;98,17;97,40;98,60;98,57;99,30;97,77
2200,47;98,14;97,34;98,60;98,57;99,30;97,74
2202,40;98,13;97,35;98,60;98,54;99,20;97,71
2204,33;98,15;97,41;98,60;98,55;99,30;97,74
2206,26;98,19;97,45;98,70;98,57;99,40;97,77
2208,19;98,21;97,46;98,70;98,57;99,40;97,75
2210,12;98,22;97,46;98,70;98,59;99,40;97,74
2212,05;98,26;97,45;98,80;98,59;99,40;97,75
2213,97;98,32;97,45;98,80;98,62;99,50;97,80
2215,90;98,37;97,47;98,90;98,67;99,60;97,85
2217,83;98,38;97,52;98,80;98,71;99,60;97,86
2219,76;98,38;97,57;98,80;98,76;99,60;97,87
2221,69;98,38;97,60;98,80;98,83;99,50;97,88
2223,62;98,42;97,62;98,80;98,87;99,50;97,91
2225,55;98,39;97,66;98,80;98,93;99,60;97,95
2227,47;98,32;97,66;98,80;98,94;99,50;97,95
2229,40;98,22;97,66;98,80;98,92;99,50;97,93
2231,33;98,13;97,68;98,70;98,88;99,40;97,90
2233,26;98,04;97,74;98,70;98,83;99,30;97,88
2235,19;97,96;97,78;98,70;98,80;99,30;97,86
2237,12;97,92;97,72;98,60;98,76;99,20;97,81
2239,05;97,93;97,68;98,50;98,68;99,20;97,72
2240,97;97,97;97,65;98,50;98,59;99,10;97,65
2242,90;98,02;97,59;98,40;98,52;99,10;97,61
2244,83;98,03;97,50;98,40;98,47;99,10;97,59
2246,76;97,99;97,40;98,40;98,43;99,10;97,57
2248,69;97,99;97,31;98,40;98,37;99,10;97,56
2250,62;98,04;97,26;98,40;98,30;99,20;97,57
2252,55;98,05;97,27;98,40;98,26;99,20;97,60
2254,47;98,04;97,25;98,40;98,22;99,20;97,60
2256,40;98,04;97,17;98,40;98,14;99,10;97,53
2258,33;98,02;97,07;98,40;98,11;99,10;97,47
2260,26;98,02;97,02;98,40;98,12;99,00;97,44
2262,19;98,02;97,01;98,50;98,13;99,00;97,44
2264,12;98,02;97,01;98,60;98,18;99,00;97,44
2266,05;98,06;97,00;98,60;98,20;99,00;97,40
2267,97;98,09;97,05;98,60;98,23;99,00;97,40
2269,90;98,10;97,17;98,70;98,28;99,10;97,46
2271,83;98,14;97,27;98,80;98,37;99,20;97,56
2273,76;98,20;97,37;98,80;98,46;99,30;97,66
2275,69;98,26;97,46;98,90;98,54;99,40;97,73
2277,62;98,37;97,53;99,00;98,60;99,40;97,76
2279,55;98,45;97,58;99,00;98,65;99,40;97,83
2281,47;98,44;97,63;99,10;98,74;99,40;97,93
2283,40;98,42;97,67;99,10;98,81;99,50;97,97
2285,33;98,39;97,66;99,00;98,76;99,50;97,95
2287,26;98,39;97,65;99,00;98,67;99,40;97,90
2289,19;98,33;97,66;98,90;98,56;99,40;97,83
2291,12;98,21;97,63;98,90;98,49;99,30;97,75
2293,05;98,12;97,57;98,90;98,49;99,30;97,63
2294,97;98,07;97,49;98,80;98,50;99,20;97,49
2296,90;98,02;97,45;98,80;98,53;99,20;97,37
2298,83;98,01;97,43;98,80;98,56;99,20;97,28
2300,76;97,96;97,39;98,90;98,60;99,20;97,26
2302,69;97,93;97,36;98,90;98,61;99,20;97,21
2304,62;97,91;97,38;98,80;98,64;99,20;97,16
2306,54;97,88;97,42;98,70;98,69;99,30;97,17
2308,47;97,85;97,43;98,60;98,74;99,40;97,25
2310,40;97,79;97,45;98,60;98,77;99,40;97,35
2312,33;97,75;97,51;98,60;98,80;99,50;97,48
2314,26;97,78;97,56;98,70;98,87;99,60;97,62
2316,19;97,82;97,60;98,80;98,94;99,60;97,77
2318,12;97,82;97,67;98,90;98,98;99,60;97,90
2320,04;97,80;97,72;99,00;98,99;99,60;97,97
2321,97;97,80;97,73;99,00;98,97;99,60;98,00
2323,90;97,80;97,71;99,20;98,96;99,60;98,05
2325,83;97,80;97,69;99,20;98,96;99,60;98,06
2327,76;97,78;97,63;99,20;98,91;99,60;97,97
2329,69;97,78;97,59;99,30;98,89;99,50;97,87
2331,62;97,79;97,59;99,30;98,91;99,60;97,78
2333,54;97,82;97,55;99,30;98,89;99,50;97,69
2335,47;97,87;97,51;99,30;98,83;99,50;97,62
2337,40;97,91;97,50;99,30;98,78;99,50;97,57
2339,33;97,95;97,50;99,30;98,73;99,40;97,55
2341,26;97,98;97,51;99,10;98,66;99,30;97,49
2343,19;97,99;97,56;99,10;98,66;99,30;97,46
2345,12;98,02;97,57;99,00;98,67;99,30;97,49
2347,04;98,01;97,58;99,00;98,67;99,30;97,60
2348,97;97,96;97,58;99,00;98,69;99,20;97,69
2350,90;97,96;97,60;99,10;98,76;99,20;97,78
2352,83;97,94;97,65;99,10;98,91;99,10;97,90
2354,76;97,89;97,68;99,20;99,05;99,10;97,99
2356,69;97,84;97,69;99,20;99,20;99,10;98,11
2358,62;97,77;97,76;99,30;99,37;99,20;98,26
2360,54;97,70;97,78;99,40;99,50;99,30;98,36
2362,47;97,64;97,68;99,30;99,47;99,20;98,35
2364,40;97,58;97,57;99,20;99,36;99,20;98,24
2366,33;97,51;97,49;99,10;99,23;99,30;98,08
2368,26;97,44;97,50;99,10;99,17;99,30;98,01
2370,19;97,37;97,48;99,20;99,08;99,30;97,93
2372,12;97,40;97,40;99,10;98,93;99,30;97,81
2374,04;97,47;97,36;99,00;98,77;99,30;97,72
2375,97;97,52;97,35;98,90;98,60;99,30;97,65
2377,90;97,59;97,30;98,90;98,47;99,30;97,57
2379,83;97,64;97,28;98,90;98,40;99,30;97,54
2381,76;97,69;97,26;99,00;98,33;99,30;97,49
2383,69;97,78;97,20;98,90;98,21;99,20;97,39
2385,62;97,89;97,14;98,80;98,12;99,20;97,30
2387,54;98,02;97,13;98,80;98,07;99,10;97,24
2389,47;98,17;97,16;98,80;98,08;99,10;97,23
2391,40;98,27;97,23;98,90;98,17;99,10;97,28
2393,33;98,34;97,28;99,00;98,24;99,20;97,34
2395,26;98,37;97,37;99,00;98,29;99,30;97,46
2397,19;98,38;97,51;99,10;98,34;99,40;97,56
2399,12;98,33;97,53;99,10;98,35;99,50;97,56
2401,04;98,22;97,50;99,10;98,32;99,50;97,50
2402,97;98,13;97,53;99,10;98,33;99,60;97,42
2404,90;98,08;97,57;99,20;98,38;99,60;97,37
2406,83;98,04;97,58;99,20;98,41;99,60;97,34
2408,76;97,99;97,53;99,20;98,41;99,50;97,32
2410,69;97,97;97,45;99,10;98,45;99,50;97,36
2412,62;97,94;97,40;99,10;98,52;99,50;97,41
2414,54;97,88;97,37;99,10;98,61;99,60;97,47
2416,47;97,82;97,34;99,20;98,69;99,60;97,54
2418,40;97,76;97,28;99,20;98,71;99,60;97,58
2420,33;97,76;97,17;99,10;98,69;99,50;97,55
2422,26;97,78;97,07;99,10;98,64;99,50;97,51
2424,19;97,78;97,02;99,00;98,61;99,40;97,53
2426,12;97,80;96,98;99,00;98,57;99,30;97,60
2428,04;97,83;96,93;99,00;98,50;99,30;97,63
2429,97;97,85;96,91;99,00;98,43;99,30;97,60
2431,90;97,84;96,93;99,00;98,37;99,20;97,61
2433,83;97,84;97,03;98,90;98,35;99,30;97,69
2435,76;97,82;97,16;99,00;98,36;99,30;97,75
2437,69;97,75;97,23;99,10;98,34;99,30;97,76
2439,62;97,75;97,25;99,10;98,28;99,30;97,72
2441,54;97,86;97,24;99,10;98,23;99,30;97,66
2443,47;97,97;97,23;99,00;98,21;99,30;97,61
2445,40;98,04;97,25;99,00;98,19;99,20;97,60
2447,33;98,10;97,27;99,00;98,22;99,30;97,65
2449,26;98,16;97,31;99,00;98,33;99,40;97,76
2451,19;98,19;97,36;99,10;98,45;99,50;97,81
2453,11;98,15;97,39;99,10;98,52;99,50;97,87
2455,04;98,09;97,41;99,10;98,55;99,50;97,95
2456,97;98,05;97,40;99,10;98,56;99,40;97,96
2458,90;97,99;97,40;99,10;98,60;99,40;97,95
2460,83;97,84;97,40;99,10;98,62;99,40;97,91
2462,76;97,67;97,37;99,10;98,60;99,40;97,87
2464,69;97,60;97,33;99,10;98,59;99,40;97,86
2466,61;97,57;97,28;99,10;98,55;99,30;97,82
2468,54;97,52;97,24;99,00;98,48;99,30;97,77
2470,47;97,49;97,22;99,00;98,44;99,30;97,73
2472,40;97,47;97,22;98,90;98,43;99,30;97,71
2474,33;97,45;97,18;98,90;98,43;99,30;97,72
2476,26;97,50;97,11;98,90;98,40;99,40;97,74
2478,19;97,62;97,02;98,90;98,36;99,50;97,70
2480,11;97,71;96,95;98,80;98,34;99,50;97,64
2482,04;97,75;96,94;98,80;98,26;99,50;97,60
2483,97;97,79;96,93;98,70;98,18;99,50;97,57
2485,90;97,88;96,90;98,70;98,17;99,50;97,56
2487,83;97,95;96,91;98,80;98,22;99,60;97,57
2489,76;97,95;96,93;98,80;98,25;99,60;97,54
2491,69;97,93;97,00;98,80;98,22;99,60;97,51
2493,61;97,88;97,08;98,80;98,19;99,50;97,49
2495,54;97,81;97,11;98,80;98,14;99,50;97,47
2497,47;97,71;97,11;98,80;98,12;99,40;97,47
2499,40;97,57;97,13;98,90;98,19;99,40;97,51
2501,33;97,48;97,16;98,90;98,32;99,40;97,59
2503,26;97,49;97,15;98,90;98,40;99,40;97,62
2505,19;97,52;97,03;98,90;98,39;99,30;97,59
2507,11;97,54;96,93;98,80;98,37;99,20;97,57
2509,04;97,57;96,88;98,80;98,44;99,20;97,59
2510,97;97,60;96,83;98,80;98,52;99,20;97,63
2512,90;97,64;96,74;98,80;98,53;99,20;97,67
2514,83;97,69;96,65;98,80;98,46;99,10;97,67
2516,76;97,73;96,54;98,70;98,35;99,00;97,61
2518,69;97,75;96,43;98,60;98,24;98,90;97,58
2520,61;97,78;96,38;98,60;98,13;98,90;97,56
2522,54;97,84;96,35;98,60;98,05;98,80;97,50
2524,47;97,90;96,39;98,70;98,04;98,80;97,44
2526,40;97,90;96,51;98,70;98,08;98,90;97,46
2528,33;97,87;96,60;98,70;98,09;99,00;97,45
2530,26;97,83;96,64;98,70;98,05;99,00;97,46
2532,19;97,81;96,67;98,70;98,00;99,00;97,48
2534,11;97,81;96,68;98,70;97,98;99,10;97,48
2536,04;97,80;96,75;98,70;98,05;99,20;97,54
2537,97;97,80;96,82;98,80;98,21;99,30;97,62
2539,90;97,83;96,85;98,80;98,33;99,30;97,60
2541,83;97,84;96,82;98,80;98,39;99,30;97,54
2543,76;97,85;96,74;98,80;98,42;99,20;97,51
2545,69;97,82;96,72;98,80;98,45;99,20;97,50
2547,61;97,77;96,73;98,70;98,46;99,20;97,48
2549,54;97,74;96,68;98,70;98,43;99,20;97,41
2551,47;97,77;96,62;98,70;98,34;99,10;97,35
2553,40;97,77;96,57;98,60;98,25;99,00;97,33
2555,33;97,78;96,50;98,60;98,14;98,90;97,26
2557,26;97,83;96,45;98,50;98,07;98,80;97,18
2559,19;97,86;96,51;98,50;98,01;98,70;97,12
2561,11;97,86;96,62;98,50;97,96;98,70;97,11
2563,04;97,82;96,69;98,40;97,93;98,70;97,11
2564,97;97,77;96,74;98,40;97,92;98,80;97,15
2566,90;97,73;96,78;98,30;97,89;98,90;97,19
2568,83;97,75;96,83;98,30;97,87;98,90;97,18
2570,76;97,83;96,86;98,30;97,85;98,90;97,13
2572,68;97,85;96,88;98,20;97,88;98,90;97,12
2574,61;97,83;96,89;98,20;97,93;98,90;97,14
2576,54;97,84;96,87;98,20;97,98;98,90;97,13
2578,47;97,85;96,80;98,20;97,97;98,90;97,06
2580,40;97,85;96,73;98,20;97,94;98,90;97,00
2582,33;97,88;96,67;98,10;97,91;98,90;96,96
2584,26;97,94;96,60;98,10;97,83;98,80;96,90
2586,18;97,93;96,57;98,10;97,77;98,80;96,86
2588,11;97,91;96,55;98,20;97,73;98,80;96,87
2590,04;97,93;96,55;98,30;97,75;98,90;96,89
2591,97;97,95;96,53;98,30;97,79;98,90;96,86
2593,90;98,01;96,53;98,30;97,83;98,90;96,83
2595,83;98,05;96,55;98,40;97,87;99,00;96,86
2597,76;97,95;96,63;98,40;97,93;99,10;96,97
2599,68;97,83;96,74;98,50;98,03;99,20;97,11
2601,61;97,77;96,79;98,50;98,13;99,40;97,21
2603,54;97,73;96,82;98,50;98,26;99,50;97,31
2605,47;97,74;96,83;98,50;98,40;99,50;97,35
2607,40;97,77;96,76;98,50;98,46;99,50;97,28
2609,33;97,74;96,68;98,50;98,46;99,50;97,24
2611,26;97,71;96,63;98,40;98,48;99,40;97,28
2613,18;97,75;96,56;98,30;98,45;99,30;97,27
2615,11;97,81;96,51;98,30;98,48;99,20;97,29
2617,04;97,87;96,54;98,30;98,51;99,20;97,32
2618,97;97,89;96,57;98,30;98,49;99,20;97,34
2620,90;97,92;96,55;98,20;98,46;99,10;97,32
2622,83;97,92;96,51;98,20;98,38;99,00;97,26
2624,76;97,86;96,49;98,30;98,29;99,00;97,20
2626,68;97,80;96,55;98,40;98,29;99,00;97,22
2628,61;97,80;96,60;98,50;98,32;99,00;97,23
2630,54;97,82;96,57;98,50;98,31;99,00;97,21
2632,47;97,78;96,55;98,50;98,26;99,00;97,25
2634,40;97,63;96,49;98,50;98,22;99,00;97,27
2636,33;97,44;96,49;98,50;98,24;99,10;97,26
2638,26;97,34;96,52;98,50;98,22;99,10;97,24
2640,18;97,31;96,48;98,50;98,15;99,20;97,20
2642,11;97,25;96,42;98,50;98,12;99,20;97,11
2644,04;97,16;96,40;98,50;98,16;99,20;97,02
2645,97;97,09;96,35;98,40;98,10;99,20;96,93
2647,90;97,00;96,32;98,30;98,05;99,20;96,90
2649,83;96,97;96,32;98,30;98,05;99,20;96,91
2651,76;96,96;96,37;98,30;98,13;99,20;96,91
2653,68;96,91;96,46;98,40;98,23;99,30;96,89
2655,61;96,88;96,52;98,40;98,21;99,40;96,81
2657,54;96,84;96,47;98,30;98,10;99,40;96,67
2659,47;96,77;96,43;98,30;97,97;99,30;96,54
2661,40;96,73;96,50;98,30;97,88;99,30;96,53
2663,33;96,75;96,56;98,40;97,84;99,30;96,58
2665,26;96,78;96,56;98,40;97,85;99,20;96,61
2667,18;96,83;96,54;98,40;97,84;99,10;96,60
2669,11;96,88;96,51;98,40;97,80;99,00;96,60
2671,04;96,88;96,45;98,40;97,74;99,00;96,63
2672,97;96,86;96,42;98,50;97,72;99,00;96,66
2674,90;96,89;96,47;98,50;97,71;99,00;96,70
2676,83;97,00;96,53;98,50;97,70;99,00;96,73
2678,75;97,12;96,57;98,60;97,74;98,90;96,77
2680,68;97,15;96,64;98,70;97,88;98,90;96,83
2682,61;97,17;96,68;98,80;98,04;99,00;96,92
2684,54;97,23;96,67;98,90;98,15;99,00;97,00
2686,47;97,28;96,66;99,00;98,27;99,10;97,06
2688,40;97,31;96,70;99,10;98,40;99,20;97,12
2690,33;97,33;96,75;99,20;98,52;99,30;97,15
2692,25;97,31;96,72;99,20;98,52;99,30;97,04
2694,18;97,26;96,57;99,00;98,44;99,20;96,89
2696,11;97,21;96,44;99,00;98,38;99,20;96,80
2698,04;97,13;96,42;98,90;98,33;99,30;96,79
2699,97;97,10;96,47;98,90;98,31;99,40;96,83
2701,90;97,13;96,40;98,80;98,21;99,40;96,77
2703,83;97,17;96,31;98,70;98,05;99,30;96,67
2705,75;97,20;96,33;98,70;97,95;99,40;96,67
2707,68;97,20;96,37;98,60;97,89;99,40;96,69
2709,61;97,24;96,36;98,50;97,86;99,40;96,74
2711,54;97,23;96,38;98,50;97,83;99,40;96,78
2713,47;97,19;96,41;98,50;97,81;99,40;96,77
2715,40;97,20;96,42;98,60;97,78;99,30;96,75
2717,33;97,22;96,41;98,60;97,76;99,30;96,75
2719,25;97,23;96,39;98,50;97,75;99,20;96,72
2721,18;97,27;96,36;98,40;97,72;99,20;96,68
2723,11;97,32;96,33;98,40;97,68;99,10;96,66
2725,04;97,37;96,32;98,50;97,69;99,00;96,66
2726,97;97,32;96,35;98,60;97,69;98,90;96,67
2728,90;97,24;96,32;98,60;97,67;98,80;96,60
2730,83;97,17;96,23;98,60;97,62;98,70;96,46
2732,75;97,12;96,18;98,70;97,62;98,70;96,44
2734,68;97,04;96,17;98,80;97,64;98,70;96,47
2736,61;96,95;96,17;98,80;97,64;98,70;96,46
2738,54;96,96;96,15;98,70;97,62;98,60;96,43
2740,47;97,05;96,05;98,70;97,59;98,60;96,40
2742,40;97,16;96,00;98,90;97,65;98,70;96,50
2744,33;97,24;96,00;99,00;97,80;98,80;96,67
2746,25;97,34;95,97;99,10;97,93;98,80;96,79
2748,18;97,40;95,92;99,20;98,02;98,90;96,86
2750,11;97,34;95,85;99,20;98,02;99,10;96,87
2752,04;97,27;95,79;99,20;97,96;99,10;96,86
2753,97;97,29;95,75;99,10;97,89;99,10;96,87
2755,90;97,36;95,72;99,00;97,83;99,20;96,83
2757,83;97,42;95,68;99,00;97,76;99,20;96,75
2759,75;97,50;95,64;98,90;97,67;99,10;96,64
2761,68;97,54;95,61;98,80;97,61;99,10;96,54
2763,61;97,49;95,64;98,80;97,56;99,10;96,50
2765,54;97,39;95,72;98,80;97,49;99,00;96,51
2767,47;97,22;95,79;98,90;97,48;99,10;96,52
2769,40;97,04;95,84;98,90;97,46;99,00;96,50
2771,33;96,90;95,89;99,00;97,48;99,00;96,52
2773,25;96,77;95,97;98,90;97,57;99,00;96,53
2775,18;96,64;96,02;98,90;97,70;98,90;96,54
2777,11;96,60;96,02;99,00;97,75;98,90;96,55
2779,04;96,57;96,00;99,10;97,80;99,00;96,61
2780,97;96,58;95,98;99,20;97,92;99,10;96,72
2782,90;96,66;95,90;99,20;97,94;99,00;96,73
2784,83;96,68;95,84;99,10;97,86;98,90;96,64
2786,75;96,61;95,79;99,00;97,75;98,80;96,55
2788,68;96,49;95,75;98,90;97,62;98,80;96,52
2790,61;96,38;95,68;98,90;97,50;98,70;96,48
2792,54;96,34;95,54;98,80;97,44;98,70;96,36
2794,47;96,39;95,32;98,70;97,37;98,60;96,19
2796,40;96,39;95,11;98,60;97,24;98,50;95,99
2798,32;96,32;94,97;98,50;97,09;98,30;95,75
2800,25;96,20;94,85;98,40;96,90;98,20;95,51
2802,18;96,03;94,72;98,30;96,72;98,00;95,37
2804,11;95,88;94,62;98,20;96,55;97,90;95,27
2806,04;95,71;94,58;98,20;96,46;97,80;95,15
2807,97;95,62;94,57;98,20;96,40;97,80;95,07
2809,90;95,72;94,60;98,20;96,36;97,80;95,07
2811,82;95,79;94,62;98,10;96,37;97,80;95,09
2813,75;95,76;94,53;98,10;96,35;97,80;95,06
2815,68;95,75;94,44;98,00;96,28;97,70;94,99
2817,61;95,67;94,35;98,00;96,23;97,70;94,93
2819,54;95,44;94,16;97,90;96,14;97,60;94,77
2821,47;94,98;93,85;97,60;95,93;97,50;94,40
2823,40;94,30;93,47;97,30;95,68;97,50;93,96
2825,32;93,51;93,02;97,00;95,45;97,50;93,54
2827,25;92,69;92,67;96,80;95,27;97,50;93,20
2829,18;92,06;92,35;96,60;95,16;97,50;92,87
2831,11;91,56;91,96;96,40;95,09;97,50;92,53
2833,04;90,97;91,62;96,20;94,95;97,50;92,22
2834,97;90,34;91,29;96,00;94,73;97,40;91,89
2836,90;89,80;90,92;95,70;94,49;97,20;91,59
2838,82;89,40;90,58;95,40;94,30;97,00;91,43
2840,75;89,19;90,35;95,30;94,21;96,90;91,49
2842,68;89,17;90,32;95,40;94,23;96,90;91,69
2844,61;89,33;90,43;95,50;94,39;97,00;91,98
2846,54;89,59;90,49;95,60;94,52;97,10;92,23
2848,47;89,89;90,51;95,50;94,56;97,10;92,40
2850,40;90,05;90,51;95,50;94,63;97,00;92,52
2852,32;90,09;90,54;95,50;94,74;97,00;92,63
2854,25;90,00;90,60;95,70;94,81;97,10;92,70
2856,18;89,80;90,50;95,70;94,76;97,20;92,60
2858,11;89,51;90,24;95,50;94,64;97,20;92,27
2860,04;89,08;89,97;95,20;94,52;97,20;91,80
2861,97;88,60;89,66;94,90;94,29;97,10;91,30
2863,90;88,24;89,45;94,60;94,06;97,00;90,84
2865,82;87,96;89,39;94,50;93,89;97,00;90,53
2867,75;87,81;89,29;94,50;93,81;97,00;90,26
2869,68;87,60;89,14;94,40;93,72;97,00;90,00
2871,61;87,37;89,03;94,20;93,58;96,80;89,83
2873,54;87,31;88,91;94,10;93,48;96,70;89,81
2875,47;87,35;88,88;94,10;93,47;96,60;89,98
2877,40;87,52;88,95;94,10;93,53;96,70;90,27
2879,32;87,81;89,12;94,20;93,60;96,90;90,58
2881,25;88,12;89,36;94,30;93,69;97,10;90,83
2883,18;88,38;89,55;94,40;93,74;97,20;90,99
2885,11;88,59;89,63;94,50;93,67;97,20;91,03
2887,04;88,71;89,67;94,40;93,57;97,20;91,01
2888,97;88,67;89,63;94,40;93,46;97,10;90,97
2890,90;88,54;89,52;94,40;93,39;97,10;90,83
2892,82;88,26;89,33;94,40;93,29;97,10;90,63
2894,75;87,83;89,06;94,20;93,14;97,00;90,37
2896,68;87,22;88,71;93,80;92,88;96,80;89,98
2898,61;86,50;88,21;93,40;92,55;96,50;89,47
2900,54;85,70;87,41;92,90;92,07;96,10;88,73
2902,47;84,75;86,44;92,40;91,52;95,60;87,89
2904,40;83,65;85,56;91,90;91,07;95,00;87,16
2906,32;82,59;84,72;91,60;90,64;94,70;86,38
2908,25;81,72;83,85;91,10;90,15;94,40;85,56
2910,18;81,04;83,03;90,50;89,70;93,90;84,87
2912,11;80,45;82,39;90,10;89,37;93,50;84,34
2914,04;80,08;81,95;89,80;89,12;93,30;83,92
2915,97;79,97;81,75;89,60;89,01;93,30;83,67
2917,90;80,13;81,80;89,60;89,05;93,30;83,59
2919,82;80,59;82,11;89,90;89,22;93,50;83,75
2921,75;81,36;82,64;90,40;89,57;93,60;84,17
2923,68;82,34;83,37;91,00;90,05;93,90;84,79
2925,61;83,42;84,19;91,50;90,61;94,30;85,53
2927,54;84,55;85,05;92,00;91,21;94,80;86,33
2929,47;85,60;85,97;92,70;91,90;95,20;87,16
2931,39;86,32;86,90;93,30;92,50;95,60;88,03
2933,32;86,81;87,67;93,60;92,90;96,00;88,75
2935,25;87,17;88,15;93,80;93,16;96,10;89,18
2937,18;87,35;88,39;94,00;93,37;96,30;89,45
2939,11;87,17;88,39;94,00;93,38;96,30;89,48
2941,04;86,72;88,29;93,90;93,19;96,10;89,33
2942,97;86,32;88,20;93,70;92,96;96,00;89,09
2944,89;86,08;87,97;93,40;92,66;95,90;88,69
2946,82;85,94;87,60;93,00;92,33;95,70;88,24
2948,75;85,86;87,28;92,60;92,09;95,40;87,86
2950,68;85,85;87,12;92,50;91,98;95,30;87,63
2952,61;86,09;87,16;92,40;92,01;95,30;87,57
2954,54;86,55;87,38;92,50;92,27;95,40;87,72
2956,47;87,16;87,79;92,80;92,64;95,60;88,10
2958,39;87,95;88,37;93,30;93,08;96,00;88,70
2960,32;88,93;89,09;93,90;93,58;96,30;89,46
2962,25;90,01;89,86;94,40;94,08;96,70;90,28
2964,18;91,10;90,58;94,80;94,55;97,00;91,11
2966,11;92,14;91,28;95,30;95,05;97,30;91,94
2968,04;92,97;91,97;95,80;95,47;97,70;92,74
2969,97;93,62;92,59;96,30;95,82;98,00;93,49
2971,89;94,24;93,07;96,60;96,13;98,10;94,16
2973,82;94,70;93,53;96,90;96,51;98,30;94,77
2975,75;95,04;94,02;97,30;96,87;98,50;95,40
2977,68;95,35;94,41;97,70;97,04;98,60;95,89
2979,61;95,71;94,71;97,90;97,10;98,50;96,16
2981,54;96,07;94,97;98,00;97,12;98,50;96,31
2983,47;96,40;95,15;98,00;97,13;98,50;96,38
2985,39;96,64;95,32;98,10;97,10;98,60;96,44
2987,32;96,89;95,47;98,10;97,12;98,60;96,55
2989,25;97,10;95,69;98,20;97,27;98,70;96,72
2991,18;97,27;95,92;98,30;97,50;98,80;96,88
2993,11;97,35;96,11;98,40;97,76;98,90;96,98
2995,04;97,27;96,35;98,60;97,92;98,90;97,04
2996,97;97,21;96,46;98,70;97,92;98,90;96,96
2998,89;97,22;96,51;98,60;97,93;98,70;96,87
3000,82;97,20;96,59;98,50;97,94;98,60;96,83
3002,75;97,21;96,62;98,60;97,96;98,70;96,83
3004,68;97,26;96,60;98,70;98,01;98,80;96,88
3006,61;97,28;96,51;98,70;97,99;98,80;96,92
3008,54;97,28;96,47;98,70;98,03;98,80;96,98
3010,47;97,30;96,51;98,80;98,08;98,80;97,04
3012,39;97,30;96,54;98,80;98,06;98,80;97,06
3014,32;97,39;96,48;98,70;97,91;98,80;96,99
3016,25;97,63;96,36;98,70;97,70;98,80;96,91
3018,18;97,81;96,23;98,60;97,53;98,70;96,85
3020,11;97,87;96,08;98,40;97,34;98,60;96,78
3022,04;97,99;95,94;98,30;97,19;98,60;96,71
3023,97;98,09;95,82;98,20;97,08;98,60;96,74
3025,89;98,14;95,74;98,20;97,11;98,70;96,82
3027,82;98,16;95,67;98,20;97,21;98,70;96,83
3029,75;98,17;95,59;98,20;97,29;98,70;96,83
3031,68;98,15;95,60;98,30;97,34;98,70;96,84
3033,61;98,08;95,74;98,30;97,36;98,70;96,86
3035,54;98,00;95,74;98,20;97,32;98,60;96,80
3037,47;97,95;95,74;98,10;97,35;98,60;96,80
3039,39;97,93;95,87;98,30;97,45;98,70;96,88
3041,32;97,95;95,97;98,50;97,60;99,00;97,00
3043,25;97,97;96,02;98,60;97,78;99,10;97,14
3045,18;97,92;96,02;98,60;97,85;99,20;97,24
3047,11;97,80;96,05;98,70;97,87;99,30;97,22
3049,04;97,72;95,97;98,60;97,80;99,40;97,11
3050,96;97,65;95,82;98,60;97,73;99,40;97,00
3052,89;97,64;95,68;98,70;97,74;99,60;96,91
3054,82;97,69;95,63;98,80;97,82;99,70;96,97
3056,75;97,70;95,65;98,90;97,85;99,70;97,03
3058,68;97,74;95,63;98,80;97,83;99,60;96,96
3060,61;97,79;95,58;98,90;97,85;99,60;96,91
3062,54;97,71;95,52;99,00;97,87;99,50;96,90
3064,46;97,64;95,52;98,90;97,88;99,50;96,88
3066,39;97,61;95,57;98,80;97,81;99,30;96,85
3068,32;97,53;95,64;98,70;97,68;99,20;96,92
3070,25;97,51;95,70;98,60;97,55;99,10;97,01
3072,18;97,51;95,79;98,40;97,48;99,00;97,06
3074,11;97,50;95,88;98,40;97,56;99,00;97,12
3076,04;97,51;96,03;98,40;97,81;99,00;97,19
3077,96;97,45;96,19;98,50;98,04;99,10;97,28
3079,89;97,31;96,22;98,50;98,10;99,10;97,29
3081,82;97,26;96,17;98,30;98,08;99,10;97,19
3083,75;97,20;96,05;98,30;98,05;99,10;97,06
3085,68;97,08;95,91;98,30;98,06;99,20;96,92
3087,61;96,95;95,74;98,30;98,09;99,30;96,81
3089,54;96,90;95,68;98,50;98,15;99,40;96,78
3091,46;97,02;95,72;98,80;98,13;99,60;96,76
3093,39;97,27;95,78;98,90;98,00;99,60;96,73
3095,32;97,51;95,87;99,00;97,88;99,70;96,69
3097,25;97,68;95,92;99,30;97,88;99,70;96,67
3099,18;97,72;95,93;99,40;97,90;99,80;96,62
3101,11;97,70;95,91;99,50;97,83;99,80;96,64
3103,04;97,79;95,89;99,40;97,67;99,80;96,64
3104,96;97,78;95,89;99,20;97,51;99,70;96,61
3106,89;97,71;95,78;99,00;97,36;99,50;96,60
3108,82;97,73;95,67;98,90;97,31;99,50;96,61
3110,75;97,73;95,73;98,90;97,41;99,60;96,65
3112,68;97,69;95,88;99,00;97,63;99,70;96,76
3114,61;97,64;95,95;99,00;97,75;99,80;96,82
3116,54;97,49;95,99;99,00;97,78;99,80;96,87
3118,46;97,32;96,07;98,90;97,80;99,80;96,90
3120,39;97,24;96,10;98,90;97,83;99,80;96,99
3122,32;97,10;96,04;98,80;97,84;99,60;97,09
3124,25;96,89;95,95;98,70;97,86;99,50;97,14
3126,18;96,74;95,87;98,60;97,85;99,30;97,15
3128,11;96,74;95,79;98,60;97,78;99,10;97,15
3130,04;96,81;95,78;98,70;97,64;99,00;97,03
3131,96;96,83;95,85;98,80;97,62;99,10;96,93
3133,89;96,86;95,90;98,80;97,67;99,00;96,83
3135,82;96,94;95,86;98,80;97,64;98,80;96,66
3137,75;97,10;95,73;98,60;97,54;98,60;96,48
3139,68;97,32;95,64;98,60;97,52;98,40;96,42
3141,61;97,56;95,62;98,50;97,50;98,30;96,34
3143,54;97,73;95,51;98,50;97,48;98,30;96,25
3145,46;97,89;95,35;98,60;97,55;98,40;96,23
3147,39;98,06;95,34;98,70;97,62;98,60;96,18
3149,32;98,11;95,40;98,90;97,69;98,70;96,15
3151,25;98,04;95,42;99,00;97,82;98,80;96,15
3153,18;97,92;95,47;99,10;97,96;98,90;96,14
3155,11;97,78;95,57;99,10;98,09;99,00;96,18
3157,04;97,66;95,64;99,20;98,12;99,10;96,31
3158,96;97,53;95,65;99,20;98,02;99,00;96,43
3160,89;97,36;95,64;99,10;97,96;99,00;96,46
3162,82;97,18;95,64;99,00;97,90;98,90;96,46
3164,75;97,06;95,58;98,90;97,79;99,00;96,50
3166,68;97,03;95,49;99,00;97,73;99,10;96,53
3168,61;96,99;95,40;99,00;97,71;99,30;96,49
3170,53;96,90;95,27;99,10;97,73;99,40;96,53
3172,46;96,89;95,13;99,00;97,68;99,20;96,55
3174,39;96,94;95,00;99,00;97,54;99,10;96,46
3176,32;97,06;94,95;99,00;97,49;99,10;96,40
3178,25;97,28;94,90;99,00;97,52;99,20;96,52
3180,18;97,43;94,75;99,00;97,50;99,20;96,66
3182,11;97,49;94,61;98,90;97,54;99,40;96,71
3184,03;97,54;94,61;98,90;97,61;99,50;96,71
3185,96;97,48;94,64;98,80;97,61;99,50;96,65
3187,89;97,30;94,74;98,80;97,62;99,40;96,67
3189,82;97,15;94,86;98,80;97,70;99,40;96,63
3191,75;97,04;94,92;98,80;97,70;99,40;96,51
3193,68;97,02;94,92;98,80;97,63;99,40;96,41
3195,61;97,06;94,92;98,80;97,55;99,50;96,32
3197,53;97,01;94,98;98,70;97,50;99,40;96,22
3199,46;96,85;95,14;98,70;97,46;99,40;96,13
3201,39;96,67;95,29;98,70;97,40;99,40;96,07
